,True State 0,True State 1,True State 0,True State 2,True State 1,True State 2
Predicted State 0,0.9999769999539999,0.09661922650673099,0.8772078193063629,0.12775124013425734,0.38966390339873874,0.211579775895826
Predicted State 1,2.3000046000092e-05,0.9033807734932691,0.12269386340464788,0.2986658023460518,0.5941188144611022,0.28743288941306194
Predicted State 2,0.0,0.0,9.831728898917095e-05,0.5735829575196909,0.01621728214015909,0.5009873346911121
